lambda_m,beta,val_acc
0.5,0.0,85.10638427734375
0.5,0.25,86.96808624267578
0.5,0.5,88.03191375732422
0.5,0.75,88.03191375732422
0.5,1.0,87.89893341064453
