lambda_m,beta,val_acc
0.0,0.5,87.76596069335938
0.25,0.5,87.10106658935547
0.5,0.5,88.69680786132812
0.75,0.5,88.2978744506836
1.0,0.5,86.56914520263672
